{"model":{"version":2,"nodes":[{"name":"RootNode","position":[0,0,0],"rotation":[0,0,0],"scale":[1,1,1]},{"name":"Arrow","position":[0,0,0],"rotation":[-90,-0,0],"scale":[0.0254,0.0254,0.0254]}],"parents":[-1,0],"skins":[],"vertices":[{"position":{"type":"float32","components":3,"data":[-19.685,-19.685,0,-19.685,0,0,0,19.685,0,19.685,0,0,19.685,-19.685,0,19.685,-19.685,3.93701,19.685,0,3.93701,0,19.685,3.93701,-19.685,-19.685,3.93701,-19.685,0,3.93701,-19.685,-19.685,0,19.685,-19.685,0,19.685,-19.685,3.93701,-19.685,-19.685,3.93701,19.685,-19.685,0,19.685,0,0,19.685,0,3.93701,19.685,-19.685,3.93701,-19.685,0,0,-19.685,-19.685,0,-19.685,-19.685,3.93701,-19.685,0,3.93701,19.685,0,0,0,19.685,0,0,19.685,3.93701,19.685,0,3.93701,0,19.685,0,-19.685,0,0,-19.685,0,3.93701,0,19.685,3.93701]},"normal":{"type":"float32","components":3,"data":[0,0,-1,0,0,-1,0,0,-1,0,0,-1,0,0,-1,0,0,1,0,0,1,0,0,1,0,0,1,0,0,1,0,-1,0,0,-1,0,0,-1,0,0,-1,0,1,0,0,1,0,0,1,0,0,1,0,0,-1,0,0,-1,0,0,-1,0,0,-1,0,0,0.707107,0.707107,0,0.707107,0.707107,0,0.707107,0.707107,0,0.707107,0.707107,0,-0.707107,0.707107,0,-0.707107,0.707107,0,-0.707107,0.707107,0,-0.707107,0.707107,0]},"texCoord0":{"type":"float32","components":2,"data":[1,0,1,0.5,0.5,1,0,0.5,0,0,1,0,1,0.5,0.5,1,0,0,0,0.5,0,0,1,0,1,0.1,0,0.1,0,0.9,0.5,0.9,0.5,1,0,1,0.5,0.9,0,0.9,0,1,0.5,1,0.5,0.9,1,0.9,1,1,0.5,1,1,1,0.5,1,0.5,0.9,1,0.9]}}],"meshes":[{"aabb":{"min":[-19.685,-19.685,0],"max":[19.685,19.685,3.93701]},"vertices":0,"indices":[0,1,2,0,2,3,0,3,4,5,6,7,8,5,7,8,7,9,10,11,12,12,13,10,14,15,16,16,17,14,18,19,20,20,21,18,22,23,24,24,25,22,26,27,28,28,29,26],"type":"triangles","base":0,"count":48}],"meshInstances":[{"node":1,"mesh":0}]}}